text_id,text,target,expected_answer,gpt_answer,correct
1,When I asked them for performance data in percentage of passenger miles traveled and cost including time per trip they didn't have any! ,any,B,B,TRUE
2,"Search engines do not place much ranking weight (orÂ any!) on meta descriptions themselves, but they can entice people click on the link and go to your website, which in turn increases your click-through rate and contributes to better rankings.",any,A,A,TRUE
3,"There must be loads of anecdotes from those days, but just at the moment I'm struggling to think of any!",any,B,B,TRUE
4,And that's where all the loose ends of the conventional novel start to come together; all the flaws of Never Let Me Go are material for a bigger metaphor thanÂ any thatÂ can be found solely in the weave of the novel.,any,A,A,TRUE
5,"The Speaker must examine all motions relating to Lords amendments at each CCLA stage, and certify any that meet the two-part test.",any,B,B,TRUE
6,"Saiyans seem to age more gracefully than humans and certainly look good, but it's unclear if there are any that are hundreds of years old.",any,A,A,TRUE
7,"And when I was required to isolate Paramecium for a science project, and couldn't find any in our city ponds or lakes.",any,B,B,TRUE
8,The hardware checks this table upon every access and blocksÂ any thatÂ are illegal.,any,B,A,FALSE
9,"The Engineering department is so overworked it's just laughable, and equipment is usually fixed by duct tape, if you can find any!",any,A,A,TRUE
10,Please urge your elected representatives to cease sponsorship of such legislation and to oppose any that come before them.,any,B,B,TRUE
11,You can also purchase additional Scrolls for Diamonds if you needÂ some!,some,A,A,TRUE
12,Turns out the college didn't offer that degree until several years after Thompson claimed he earned his!,his,B,B,TRUE
13,"Their forebears had won the faith through brave missionaries, so had his!",his,A,A,TRUE
14,"As the others have mentioned a Kong wobbler is a great device to stimulate them, my border collie lovesÂ his!",his,B,B,TRUE
15,What a puny recognition was a simple ribbon for heroism such as his!,his,A,A,TRUE
16,"The American jurist Benjamin Cardozo defined it as follows: ""Justice, to which law in its making should conform, is a concept by far more subtle and indefinite than any that is wielded by mere obedience to a rule.",any,B,B,TRUE
17,"Yet peer-reviewed studies of whether weighted blankets in particular can lower anxiety in humans have yielded mixed results, Lilly points out, and she doesn't know of any that have examined them in dogs.",any,A,A,TRUE
18,"While adventure tourism trips from Europe to Africa and South America is almost extinct, there are still some adventure travellers (but notÂ many!) going to Asia, because Asia is generally considered to be a safer destination.",many,B,B,TRUE
19,If you stumble upon a deal that has PMI insurance you may want to move on to a property that doesn't have any!,any,A,B,FALSE
20,"By blending these visions, WPI created a new approach to higher education unlikeÂ any thatÂ had come before?“one that combined theory with practice.",any,B,B,TRUE
21,Ending these practices produced plant communities far different fromÂ any thatÂ have ever been seen in pre-Columbian times.,any,A,A,TRUE
22,"When I came out of prison- for some one interfered, and paid that tax- I did not perceive that great changes had taken place on the common, such as he observed who went in a youth and emerged a tottering and gray-headed man; and yet a change had to my eyes come over the scene- the town, and State, and country- greater thanÂ any thatÂ mere time could effect.",any,B,B,TRUE
23,"It provides 44 recommendations to industry, federal, state, and local regulators and governments to reduce the likelihood of future leaks and minimize the impacts of any that occur.",any,A,A,TRUE
24,Look around in the car park for leaflets advertising forthcoming events and take any that look interesting.Â ,any,B,B,TRUE
25,"As moving and apt an encapsulation of the free inquiry that lay at the heart of American higher education asÂ any thatÂ 's ever been written, and one that as of today is under serious threat by the machination of the Trump administration.Â ",any,A,A,TRUE
26,"But the discovery of Tutankhamun's tomb unleashed a tidal wave of Egyptomania unlikeÂ any thatÂ had gone before, whipped up by photographs of the treasures making their way back to news desks.",any,B,B,TRUE
27,"Limbaugh shuddered melodramatically at a speech that could ""lead to racial strife unlikeÂ any thatÂ we who are alive today remember.""",any,A,A,TRUE
28,I've looked around for remnants of the coal mines but wasn't able to findÂ any thatÂ were accessible.,any,B,B,TRUE
29,"So, Merrick, Beverlie and the rest of you collectors of great songs - do you knowÂ any thatÂ sound like a match?",any,A,A,TRUE
30,"This concert was by far the most work, and with the largest team, ofÂ any thatÂ we've put on.",any,B,B,TRUE
31,"As far as I know, it's normal for closures to bind references to mutable variables - of the languages I'm familiar with, Scala and Javascript both do this, and I can't think of any that break the rule.",any,A,A,TRUE
32,"Such low cost imposes certain limitation, but other than mandatory coating I can't think of any that 'd mean anything important to me.",any,B,B,TRUE
33,"Throughout my life, friends, this one little line has proven to be one of the most important lines of any that I know.",any,A,A,TRUE
34,AI creates opportunities for brands and expectations from consumers that are unlikeÂ any thatÂ brands have previously experienced in the modern advertising age.Â ,any,B,B,TRUE
35,"In the twentieth century, BANA and/or its progenitors have made several fundamental changes to the Braille system, all of them more noticeable and far-reaching thanÂ any thatÂ we envision as a result of switching to a uniform Braille code.Â ",any,A,A,TRUE
36,But in reality the challenges of engineering financial systems are quite different fromÂ any thatÂ engineering has previously addressed.,any,B,B,TRUE
37,"Alternatively, you can use an external comparison program, in which case you can also provide zero or more one per line indented entries (These arguments always followÂ any thatÂ are given in the [ENV] section's DIFF entry.)",any,A,A,TRUE
38,"In response to a question, Mr Prada noted that the IFRS Foundation's Trustees were appointed via a rigorous process, involving various layers of vetting and review, unlike any that he had experienced before joining the IFRSF.",any,B,B,TRUE
39,"If a shorthand is specified as one of the CSS-wide keywords [css-values-3], it sets all of its sub-properties to that keyword, includingÂ any thatÂ are reset-only sub-properties.",any,A,A,TRUE
40,"When multiple image objects are available, a user agent MAY use the value to decide which icon is most suitable for a display context (and ignoreÂ any thatÂ are inappropriate).",any,B,B,TRUE
41,"Saturation mutagenesis screens in multicellular organisms such as fruit flies, nematode worms and zebrafish, which produce all possible developmental mutations, have never found any that are beneficial.",any,A,A,TRUE
42,"C also provides the methods defined for A and B objects, in addition toÂ any thatÂ may be defined specifically for C objects.",any,B,B,TRUE
43,"He would feel how the peaches espaliered on the south wall held to their stalks, and carefully pickÂ any thatÂ were ripe.Â ",any,A,A,TRUE
44,Health officials argued that the company should be ordered to destroy meat found to contain traces of the bacteria and take backÂ any thatÂ had already been sold.,any,B,B,TRUE
45,"Bush certainly put the best spin possible on the intelligence that he had that pointed in the direction that he wanted to go in, and downplayed any that didn't.",any,A,A,TRUE
46,It is because such creatures act with a lucidity that is considered to exceed in an unimaginable degreeÂ any thatÂ we might summon that a single choice suffered to settle their eternal status.,any,B,A,FALSE
47,"There is in St. Paul's definite, soul-stirring assertion of the wrath of God and the reality of the judgment at hand, a truth more profound than any that underlies our somewhat enfeebled ideas of universal benevolence and the determined progress of the race.",any,A,A,TRUE
48,The CEO currently takes the lead in regulatory representation for the benefit of the members; the aim to ensure that regulation affecting microlight flying is reduced as much as possible and thatÂ any thatÂ remains is proportionate to the activity.,any,B,B,TRUE
49,"Please note: pile officials do not condone spontaneous gatherings, particularlyÂ any thatÂ may affect pile meltation.",any,A,A,TRUE
50,This is the chief reason why Professor James claims that the empirical attitude which Pragmatism takes up is more radical and at the same time less objectionable thanÂ any thatÂ Empiricism has hitherto assumed.,any,B,B,TRUE
51,"Pragmatism which began as a method for 'making our ideas clear,' has ended by offering us a theory of knowledge which is more ambiguous thanÂ any thatÂ ever existed before, so ambiguous, indeed, that its founder has renounced it and changed the name of his own more intelligible and more practical method to Pragmaticism.Â ",any,A,A,TRUE
52,"There is recognition in the literature that of the large number of continuous queries issued by users,Â many areÂ similar.Â ",many,B,B,TRUE
53,"Museums normally pride themselves on the accessibility of their physical buildings butÂ many haveÂ yet to make an equivalent effort for their online facilities, despite the fact that legislation is in the offing or already exists in most developed countries.",many,A,A,TRUE
54,Perhaps this is the excuse being lined up when EULEX is forced to explain on what basis or evidence is there for these terrorist actions - we lost the paperwork can you wait while make up some!,some,B,A,FALSE
55,"Insurance agents suggest to their policyholders to have a home inventory, butÂ few haveÂ the time or desire to complete the task.",few,A,A,TRUE
56,"Today, one often hears people refer to the entire decade of the eighties as the ""me decade"" as if during that period of time Americans were somehow more self- centered and money hungry than duringÂ any thatÂ came before it.",any,B,B,TRUE
57,And the live performance of songs from All That You Can't Leave Behind offer an emotional experience equal toÂ any thatÂ U2 have offered down the years.Â ,any,B,B,TRUE
58,"""There are other versions of a poem or song of the same cadence, but the words are slightly different fromÂ any thatÂ I've ever seen in the particular version from Gerald's notebook,"" he said.Â ",any,A,A,TRUE
59,"Some health units were already offering this age group appointments, butÂ any thatÂ have not yet begun can start in the morning, officials said.",any,A,A,TRUE
60,"I do note, though that in all of his thousands of photographs of western landscapes which I have seen, I have never taken note ofÂ any thatÂ include expanding trails such as the ones I have shot myself.Â ",any,B,B,TRUE
61,"Developments at the country's largest and most prestigious public university system, the University of California, furnish as good an indication asÂ any thatÂ American conservatives, who have captured all branches of the government, are determined to eviscerate the university as perhaps the sole remaining site of dissent in American life.",any,A,A,TRUE
62,CAT items have been exhaustively trialled on large samples of children;Â any thatÂ exhibited odd characteristics or showed evidence of sex or ethnic bias were discarded.,any,B,B,TRUE
63,Individually inspect each track for damage or cracking and replaceÂ any thatÂ have signs of damage.,any,A,A,TRUE
64,"We just added new features to Duo Platform Edition that give you complete insight into all of your devices, flagÂ any thatÂ may be running out of date or vulnerable browsers or plugins, and give you the option to notify your users and let them update their device software.",any,B,B,TRUE
65,"We will immediately delete any purely abusive postings which appear in the groups, and we would appreciating knowing ofÂ any thatÂ you may encounter.",any,A,A,TRUE
66,"Though there are many who continue to claim the name as theirs, the original had more strategic intelligence and effect on our community thanÂ any thatÂ have followed.Â ",any,B,A,FALSE
67,"He would not agree to court rulings that make things worse but also would not agree toÂ any thatÂ undo long-standing damage when that damage has become an entrenched part of American jurisprudence and society, as Roe has.",any,A,A,TRUE
68,"Do a thorough review of your coverages to make sure you have insurance in place for exposures that are critical to the survival of your business, and to eliminateÂ any thatÂ are no longer needed.Â ",any,B,B,TRUE
69,"Peter asserts, entirely peculiarly, that I ""will be pleased"" to hear from him that the Trust Staff are already working on a do-it-yourself Reform, or rather on convincing the world that theren't ""any thatÂ can be made"".",any,A,A,TRUE
70,"Before an idled pipeline can resume operations, it must be inspected and comply with regulations, includingÂ any thatÂ are adopted while the pipeline was idled.",any,B,B,TRUE
71,And this year's presidential campaign has included more extensive outreach to Hmong voters than any that's come before.,any,A,B,FALSE
72,"The work that today's generation is doing is every bit as challenging, every bit as noble, and every bit as vital to our security as any that came before.",any,B,B,TRUE
73,"And we express our gratitude for a new generation of Americans, every bit as selfless and dedicated to liberty asÂ any thatÂ has gone on before -- a dedication exemplified by the sacrifice and valor of Sergeant First Class Paul Ray Smith.",any,A,A,TRUE
74,"Brahms's first symphony is somehow much more mature than Beethoven's symphonies ever manage to be, a clear advancement in the form unlikeÂ any thatÂ his contemporaries had managed.",any,B,B,TRUE
75,"If Amazon were to have a cross-site scripting flaw, it would be possible for third parties to capture Amazon user cookies on the fly while they were logged in, immediately open a session using their cookie, thus completely impersonating them to Amazon, and then buy a whole bunch of stuff using their credit card because that's all stored by Amazon and you're never required to enter that again, and then add a mailing address other than where you want, you know, other than your default orÂ any thatÂ you've used in the past.",any,A,A,TRUE
76,"And we still end up with this notion of their actually being chosen at random, even though, again, if an attacker had perfect knowledge of the fact that we had chosen a good key, they would know not to guessÂ any thatÂ we had already chosen.",any,B,B,TRUE
77,"A number of recent SAUL graduates have sought out alternate paths to practice, i.e.Â some haveÂ chosen to work solely on self-generated projects and design-build projects.Â ",some,A,A,TRUE
78,"British scientists at the Meteorological Office and in universities have studied this complicated fluid in various ways:Â some haveÂ focused on weather data ??producing maps of patterns and trends, others have conducted 'thought experiments' and solved mathematical equations of 'motion', others have even photographed the behaviour of droplets in clouds.Â ",some,B,B,TRUE
79,"Here in Ireland over the past eighteen months asylum seekers have been organising protests against the conditions they are compelled to live in, including blockading the 'hostels' (effectively for-profit open prisons) where they are forced to live in appalling conditions, which some have been made to endure for over a decade.",some,A,A,TRUE
80,"These species complexes are clusters of recently radiated, morphologically indistinguishable, and very closely related species whose members nevertheless differ sufficiently in behaviors and physiologies thatÂ some haveÂ limited geographic distributions and minor or no contributions to malaria transmission while others in the same complex are broadly distributed and dominant species with ferocious roles in transmission.Â ",some,B,B,TRUE
81,"Words carry the imputations of their users, and change flavours depending on when and where they appear, so there aren'tÂ any thatÂ I permanently like or dislike.Â ",any,A,A,TRUE
82,All our programmes are taught exclusively by experienced academic staff andÂ many haveÂ been awarded prizes for Excellence in Teaching.,many,B,B,TRUE
83,"The majority of patients assigned to students in the programme have a chronic illness e.g. Diabetes, Cystic Fibrosis, Multiple Sclerosis andÂ many haveÂ multiple illnesses.",many,A,A,TRUE
84,"Major progress has been made on the X.Org Documentation modernization - most of the library and protocol specifications are now included in the modules for those libraries and protocols so they can be updated in sync with new versions, andÂ many haveÂ been converted to DocBook XML from the variety of formats they were previously in.",many,B,B,TRUE
85,"Construction began on Old St. Paul's Cathedral in London (actually the fourth attempt at a church named for Paul in that spot, the previousÂ three havingÂ been destroyed) in 1087, the same year much of the city was devastated by fire, and was delayed by a blaze in 1135.",three,A,B,FALSE
86,"But out of the dozens of programs I have participated in, with costumed historical interpreters, onlyÂ three haveÂ staffed the kitchen with someone depicting an African American cook.Â ",three,B,B,TRUE
87,"Fourteen people were arrested in the over the weekend, Five adults were charged with disorderly behaviour and out of nine juveniles arrested,Â three haveÂ been released on bail and six released pending reports to the PPS.Â ",three,A,A,TRUE
88,"Of the four Labrador rivers with counting facilities, three have counts in line with previous years.",three,B,B,TRUE
89,"A range of initiatives to encourage girls into science and engineering can be charted from at least the late 1950s, butÂ few haveÂ brought sustained attention to the issue in the way that Athena SWAN (Scientific Women's Academic Network) has managed since its inception.",few,A,A,TRUE
90,"Most cities employ urban planners, but few have granted them this kind of power.",few,B,B,TRUE
91,"To do the same activity, if it is a bank is subject to regulation, and if you aren't a bank it could even happen that you don't subject yourself toÂ any.""",any,B,B,TRUE
92,"Both American Muslims and Jews acknowledge that there is anti-Muslim sentiment in the American Jewish community, with 55 percent of Jewish respondents surveyed saying that there is ""some"" and 9 percent saying there is ""a lot"" of anti-Muslim sentiment among Jews, and 44 percent of Muslims saying there is some and 17 percent saying there is a lot.",some,B,B,TRUE
93,"There are many different parasites with many different lifecycles, to my knowledge there aren'tÂ any thatÂ put eggs out the front end of a warm blooded animal but your pet can eat something dead and then lick you, that is why I don't let dogs lick me (not parasites, but gross!).",any,B,B,TRUE
94,"In Anderson, we noted that even ""distribution center workers"" ??who presumably handled the flow of a large quantity of drugs over the duration of the conspiracy ??might have been ""responsible for distributingÂ fewer"" than the total kilogram amount attributed to the entire enterprise.",fewer,B,B,TRUE
95,"Smith believed that human self-interest, i.e. the force behind the law of the marketplace, would allow for the development of a far more harmonious society thanÂ any thatÂ the mercantilist practice of kings had ever achieved.",any,B,B,TRUE
96,Check pipes for dangerous cracks and replaceÂ any thatÂ are damaged.,any,B,B,TRUE
97,"A slightly easier solution would be to check the date that the topic was started andÂ any thatÂ are fairly recent (e.g. a month or less), set to updated daily, and any that are older than that set to weekly, monthly, or never.",any,B,A,FALSE
98,"In the context of any developments to the charts where indicators are a derivative of price (are thereÂ any thatÂ are not?) the old IT adage is very appropriate, ""garbage in, garbage out"" Before I finished this post I thought I would go through the Dow Jones Industrial Index or Wall Street in IG speak to see how many defected charts would be revealed.",any,B,B,TRUE
99,"In this regard, it might almost even be better to abandon the word altogether, except that it has such a rich heritage of usage, can serve a useful purpose, is as convenient asÂ any thatÂ might be coined in its place, and in many previous contexts can be understood in terms of the analysis I will give.",any,B,B,TRUE
100,"Morris added: ""Practitioners are starting to understand the benefits and opportunities that funding can provide and we anticipate steady growth in the region,"" adding, in a statement, he already had an arbitration funding deal in place, saying it would be ""the first ofÂ many"".",many,B,B,TRUE
101,"The destruction of the homes in Issawiya and Bet Hanina are as clear a sign asÂ any thatÂ Israeli leaders care little for concessions and compromise, preferring to make quick political capital on the domestic front by kowtowing to the ultra-nationalists in their midst.",any,B,B,TRUE
102,"""The IGAD Secretariat awaits your key recommendations on shared border management, international cooperation, managing transnational crime within a Free Movement Regime, supporting special groups like refugees and pastoralists, women and children, promoting trade, enhancing beneficial labour mobility to mention but aÂ few"", he concluded.",few,B,A,FALSE
103,"I've poked around the internet for a hybrid greenhouse that uses both geothermal and a climate battery, but cannot findÂ any thatÂ have adopted both means of heating.",any,B,B,TRUE
104,"""Over the years I have purchased a number of pieces of equipment from SISIS for other clubs including Auto Rotorakes, Auto turfman & combination frames to name a few"".",few,B,A,FALSE
105,"Waskul has not the average profile of an academic sociologist with regard to his research topics including studies on ""nudity and nakedness (...), the social and cultural significance of smell and odour (...), going to the bathroom (...), the processes by which women discover their clitoris (...), and lying and deceitfulness (...), just to name aÂ few"" (p. 129).Â ",few,B,B,TRUE
106,"Mr Harvie urged delegates to work for a society which ""values the wellbeing of all people more highly than the material wealth of the richest few"". ",few,B,B,TRUE
107,"But in its aftermath, I spent most of my time defending Muslims and their religion to people who were all too eager to paint a group of 1.6 billion people with one brush because of the actions of aÂ few"", Theresa Crobin, a Freelance Writer, blogger and memoirist, said while talking to CNN.",few,B,B,TRUE
108,"""Our Youth Ambassadors are also representing Pakistani youth in various countries like the US, UK, France, Sweden, Canada, and Afghanistan, to mention aÂ few"", he said.Â ",few,B,B,TRUE
109,"Amongst a diverse set of industries the growing number of companies benefitting include Vodafone, Jumeirah, KPN, Safehotels, HBO, Logitech, Nuon, Microsoft, Samsung to name aÂ few"".Â ",few,B,B,TRUE
110,"Ralph Rene, the source of this claim, details only one such occurrence, not Â ""several"".",several,B,B,TRUE
111,"The Yemen Press Agency reported that, according to ""sources"", a drone ""likely belonging to the UAE carried out two raids after midnight on Thursday, which bombed Hadi and Islah militias groups in Shakra district"", killing and wounding ""several"".Â ",several,B,NEITHER,FALSE
112,"Joe, you've just removed ANY excuse people have for not being able to make money online in 30-days orÂ less!Â ",less,B,B,TRUE
113,"Because of the diversity of our field, we think it is important to choose external referees with care and allow candidates to have input into their selection, including a list of referees that they suggest as well asÂ any thatÂ they would prefer not to serve as a referee.",any,B,B,TRUE
114,"The wacky couple invites all their neighbors in to their cabana where they then wow them with vegetable smoothies, mixed drinks, cheese dip and salsa, chicken salad, minced onions, and everything else under the sun all made in six seconds orÂ less!Â ",less,B,B,TRUE
115,"The conditional statement you have posted uses the variables you want it to use, and it's just not giving the expected answer - that is, in the situation where respond.id isn't valid it's not giving you ""any"".",any,A,A,TRUE
116,"This was exciting research in behalf of my company, but much different from any that I had ever attempted before or in which I had become involved.",any,A,A,TRUE
117,"Clearly, Rather was trying to convey the horrific damage inflicted by cluster bombs?“something too few mainstream reporters have done?“but his report stopped short of providing specifics about the extent of ""the cluster bomb problem"": Was Blount telling the truth when he said ""we didn't use thatÂ many""?Â ",many,A,A,TRUE
118,"For sure there are better natural road tracks out in the countryside, but for a circuit inside a city then I can't think ofÂ any thatÂ are better in terms of the natural flow and the commitment required or spectacle they presented.",any,A,A,TRUE
119,It is advisable to check the cultures for freezer stocks carefully for purity and discardÂ any thatÂ are suspect.,any,A,A,TRUE
120,This information and its implications may well become as important a weapon in the crime-fighting arsenal asÂ any thatÂ an agency possesses.,any,A,A,TRUE
121,Therefore you will need to provide each and every org code that you need access for includingÂ any thatÂ are under a parent org.,any,A,A,TRUE
122,"The Ghouls is a well designed Betsoft slot that fits so many horror themed symbols onto the reels that it would be pretty tricky to think ofÂ any thatÂ are missing, and every one of them is brilliantly designed with eye catching attention to detail that provides a frighteningly good slots experience.Â ",any,A,A,TRUE
123,"The marked assignments let you see how you're progressing on the course, Grades A-C are a pass, and you can resubmitÂ any thatÂ you fail, at no extra cost.",any,A,A,TRUE
124,"The total reduction in necessary labor achieved by decentralizing production to the point of consumption, adopting a lean, demand-pull distribution model and eliminating subsidized waste and planned obsolescence will far outweighÂ any thatÂ could be achieved by capital-intensive automation.",any,A,A,TRUE
125,"CEO Angus Dent points out that this will be the third time that the UK has headed to the polls in as many years, ""which is already two times tooÂ many"".",many,A,A,TRUE
126,"By the way, that sign for the supermarket express lane that reads ""10 items or less"" is technically incorrect and should read ""10 items orÂ fewer"" since you can count the individual items.Â ",fewer,A,A,TRUE
127,"I really enjoyed the camaraderie there and would say Hi to all my friends made there, including: Joe Auchus, Mark Avery, Billy Bergman, Mike Bocook, Dan Snyder and Sgt Buckalew ""to name aÂ fewÂ "".",few,A,A,TRUE
128,"For Kenyans, as for everyone, climate change looms as a threat far larger than any that Josephine's people have confronted before.",any,A,A,TRUE
129,"After Krumrine guided the middle schoolers in the use of Scratch, they were making video games in 30 minutes orÂ less!",less,A,A,TRUE
130,"The cisgeneticist is confined to no minimum string length for manipulation and thus, from the raw building blocks common to all genomes, can create strings just as ""foreign"" to that same genome as any that came from a different species.",any,A,A,TRUE
131,"While there is a certain aspect of this that is true, no mention is made of the government being taken over by the military, or the military's brutal behaviour as a cause for the uprising (though we're later told that troops in Kwangju had ""opened fire on civilians, killingÂ several"").",several,A,A,TRUE
132,"Since credit card companies always harp on about free offers (i.e. my gran has a Virgin card and gets free flights every now and again), are there any that are actually worth using?",any,A,A,TRUE
133,"Every time you go with your parent for a doctor's visit, review the Know Your Meds Worksheet, understand the purpose for each medication, and eliminateÂ any thatÂ are no longer necessary.",any,A,A,TRUE
134,Our team consists of highly qualified people Who wants to make 230K or more in the next 12 months orÂ less!Â ,less,A,A,TRUE
135,Even massive ecological shifts tended to just weaken the culture enough so it was eaten by its enemies and a few years later you end up with more humans notÂ less!,less,A,A,TRUE
136,"While historians have debated the relative roles of Abraham Lincoln and the slaves themselves in the coming of emancipation,Â few haveÂ paid attention to the abolitionists, the forgotten emancipationists in the story of black freedom.Â ",few,A,A,TRUE
137,"Though all the Alciato emblems have commentary files, only aÂ few haveÂ proper explanatory commentaries.",a few,A,A,TRUE
138,So one of the nice things about WPA is that no access point will accept an initialization vector that is older thanÂ any thatÂ it has already accepted.,any,A,A,TRUE
139,"I mean, you could imagine this policy where it's like, okay, we'll remember the last five because we really, really, really, really, really want you to change your password and not useÂ any thatÂ you've used before.",any,A,A,TRUE
140,"Wash and clean the threads from your fresh mussels, discarding any that are open (frozen ones may be used as is from frozen).",any,A,A,TRUE
141,"(I e-mailed him your URL!) Supposedly, they send their law clerks to research company names in phone books, etc., andÂ any thatÂ they find anywhere are asked to change their name.Â ",any,B,B,TRUE
142,"And the lie that Satan has promoted in all places that religion is good, is a lie as great asÂ any thatÂ he has ever propagated.Â ",any,B,B,TRUE
143,"In the meantime, I hope that your family has found some new ways to enjoy these first few weeks of summer during a season that is different fromÂ any thatÂ we have ever experienced.",any,B,B,TRUE
144,"CoIE is a masterclass in superhero storytelling, weaving together the disparate threads of the genre into one tale that has more to offer than just aboutÂ any thatÂ came after it.",any,B,B,TRUE
145,"The romance between Lyrica Okano's Nico and Virginia Gardner's Karolina is significant for several reasons: it preceded their romance in the comics (though not Karolina's confession of attraction), it was the first queer romance between two main characters (and healthier by far thanÂ any thatÂ Carrie-Anne Moss' lesbian character, Jeri Hogarth, ever partook in during Jessica Jones) and Nico is explicitly bisexual, making her the first bisexual Marvel character to actually be confirmed on screen.",any,B,B,TRUE
146,"Some performed grand deeds others only dreamed them, but the moments they lived were as vivid, as colorful, as hot or cold as joyous or terrifying asÂ any thatÂ we live now.""",any,A,A,TRUE
147,"The light sources that were available did not produce much light at the shorter wavelength, so efficient printing required materials that were orders of magnitude more sensitive and supported higher-resolution patterning thanÂ any thatÂ were available.",any,A,A,TRUE
148,"Other factors that may impact prescribing decisions include: the day of the week (the ""Friday afternoon consultation""), important life events (""I'm flying tomorrow"", ""I have a major examination/singing competition""), and previous experiences affecting either the clinician or the patient, particularlyÂ any thatÂ have had bad outcomes.Â ",any,A,A,TRUE
149,"""The Mountain and The Viper"" gave Game of Thrones fans an image impossible to dismiss with Pedro Pascal's fan-favorite Prince's demise, and it gave them a villain more fearsome thanÂ any thatÂ had come before, in Gregor Clegane.",any,A,A,TRUE
150,"I am allergy to certain colours and often times there are so many chemicals listed under ""fragrance"" that is hard to determineÂ any thatÂ may be causing a sensitivity.",any,A,A,TRUE
